metric,pearson,spearman,n
runtime vs compile,0.6450383360199632,0.6606991864637421,1766
runtime vs size,-0.0682167156093382,0.026129216308770655,1766
compile vs size,-0.06525710691074346,0.04777777346262361,1766
